{"formula":"SimpleBranched","params":[0.8247993510501415,-1.1530327167295438,-1.2939263173209294,0.7179249808355976,-1.811434330178221,-0.10823385880465874,0.15994686655840873,-0.10968185153031662,0.7606609067542076,0.5493028486749669],"ttl":481,"bounds":{"left":-2.8284271247461903,"right":2.8284271247461903,"top":-2.8284271247461903,"bottom":2.8284271247461903,"width":5.656854249492381,"height":5.656854249492381},"viewBounds":{"left":-2,"right":2,"top":-2,"bottom":2,"width":4,"height":4},"correction":{"enabled":true,"a":0.16,"b":0.41000000000000003,"c":0.74}}
