{"formula":"SimpleBranched","params":[0.5011007995650543,0.4591861935302157,-1.444683980890673,1.0672484686903392,0.4882311818913072,1.8805239682000172,-0.44101242574690147,0.4398927328865119,0.28023286863370434,0.4545310370546016],"ttl":200,"bounds":{"left":-5.656854249492381,"right":5.656854249492381,"top":-5.656854249492381,"bottom":5.656854249492381,"width":11.313708498984761,"height":11.313708498984761},"viewBounds":{"left":-3.6,"right":4.4,"top":-4,"bottom":4,"width":8,"height":8},"correction":{"enabled":true,"a":0.14,"b":0.45,"c":0.84}}
