{"formula":"SimpleBranched","params":[1.7814738429078627,-1.480146963036896,0.423892296254615,-1.361734246419478,-0.07463803609331165,0.29927432848892277,0.6272541595198682,-0.25482635890030725,0.4077127455076004,0.8954061464275005],"ttl":110,"bounds":{"left":-4,"right":4,"top":-4,"bottom":4,"width":8,"height":8},"viewBounds":{"left":-4.2,"right":3.8,"top":-4,"bottom":4,"width":8,"height":8},"correction":{"enabled":true,"a":0,"b":0.14,"c":0.6}}
