{"formula":"SimpleBranched","params":[-0.8344818563763843,0.7342955281408683,1.3862741891389625,-0.8897384527498753,0.1455570999366742,0.9893438610600436,0.34827237853849,-0.31446625786153515,0.2156625225230986,0.5363384784214875],"ttl":86,"bounds":{"left":-2.8284271247461903,"right":2.8284271247461903,"top":-2.8284271247461903,"bottom":2.8284271247461903,"width":5.656854249492381,"height":5.656854249492381},"viewBounds":{"left":-3.0284271247461905,"right":2.62842712474619,"top":-3.0284271247461905,"bottom":2.62842712474619,"width":5.656854249492381,"height":5.656854249492381},"correction":{"enabled":true,"a":0,"b":0.19,"c":0.71}}
