{"formula":"SimpleBranched","params":[1.1962836232228566,-1.4875398290105943,-0.07413097037313321,0.1301325775029527,-0.5567576577526623,-1.813592050685365,1.9864574954818028,1.1827207342140307,0.9837061553368533,0.45785662985867437],"ttl":200,"bounds":{"left":-2,"right":2,"top":-2,"bottom":2,"width":4,"height":4},"viewBounds":{"left":-2,"right":2,"top":-2,"bottom":2,"width":4,"height":4},"correction":{"enabled":true,"a":0,"b":0.42,"c":0.75}}
