{"formula":"SimpleBranched","params":[0.3542863320297913,0.054789125022658425,0.6308239650855789,-1.5124091116420884,-1.9756351878990648,0.02019768942697553,-0.11394692875507317,-1.7606349164979704,0.0514966821248144,0.8142887139876755],"ttl":151,"bounds":{"left":-8,"right":8,"top":-8,"bottom":8,"width":16,"height":16},"viewBounds":{"left":-4.9,"right":3.1,"top":-4.6,"bottom":3.4,"width":8,"height":8},"correction":{"enabled":true,"a":0.12,"b":0.34,"c":0.68}}
