{"formula":"SimpleBranched","params":[0.2879057685461577,1.86119069882401,-0.28679845515195357,0.07786610334471078,-0.7497488400560073,1.8648988585893989,0.10013503754196407,1.5435684685003963,0.11013788338277442,0.9740691489855682],"ttl":30,"bounds":{"left":-2.8284271247461903,"right":2.8284271247461903,"top":-2.8284271247461903,"bottom":2.8284271247461903,"width":5.656854249492381,"height":5.656854249492381},"viewBounds":{"left":-0.7,"right":1.3,"top":0,"bottom":2,"width":2,"height":2},"correction":{"enabled":true,"a":0.19,"b":0.32,"c":0.75}}
