{"formula":"SimpleBlended","params":[-1.1562663088728824,-1.88114780554202,-0.8132426719315378,0.6719987769826545,0.2963720054377825,1.8423066449494172,0.3763023469048363,0.8177271285345036,0.05909692312177994,0.6408028246943269],"ttl":70,"viewBounds":{"left":-5.656854249492381,"right":5.656854249492381,"top":-5.656854249492381,"bottom":5.656854249492381,"width":11.313708498984761,"height":11.313708498984761},"resetAT":[256,0,-128,0,256,-128],"correction":{"enabled":true,"a":0.19,"b":0.39,"c":0.64}}
