{"formula":"SimpleBranched","params":[-0.9741684114836513,-1.5833946997248498,-0.9258148451416499,1.0417256983587606,-0.015597813306174935,0.3061748301713134,-0.6325251600571713,-1.3043623408645129,0.0474493820159938,0.6335188414020898],"ttl":500,"viewBounds":{"left":-3.47842712474619,"right":2.1784271247461904,"top":-3.47842712474619,"bottom":2.1784271247461904,"width":5.656854249492381,"height":5.656854249492381},"resetAT":[16,0,-8,0,16,-8],"correction":{"enabled":true,"a":0,"b":0.24,"c":0.73}}
