{"formula":"SimpleBranched","params":[-0.3236561493154646,-0.5501056493028829,-1.6233128614723693,1.2571781066148073,1.9065018639265379,0.53567864042365,-0.0034431674642636523,0.6296427059234988,0.24518298046247788,0.9844630260737448],"ttl":120,"bounds":{"left":-8,"right":8,"top":-8,"bottom":8,"width":16,"height":16},"viewBounds":{"left":-4.65685424949238,"right":6.65685424949238,"top":-6.05685424949238,"bottom":5.256854249492379,"width":11.31370849898476,"height":11.31370849898476},"correction":{"enabled":false,"a":0.25,"b":0.5,"c":0.75}}
