{"formula":"SimpleBranched","params":[0.9116414973324538,0.7390002676359897,-0.904477446920704,-0.4762512274224422,-0.7324455769900098,-0.6894295288959409,-0.9619139373024357,-0.1981695667763761,0.01804507941999356,0.9947097818523207],"ttl":250,"bounds":{"left":-2.8284271247461903,"right":2.8284271247461903,"top":-2.8284271247461903,"bottom":2.8284271247461903,"width":5.656854249492381,"height":5.656854249492381},"viewBounds":{"left":-2,"right":2,"top":-2,"bottom":2,"width":4,"height":4},"correction":{"enabled":true,"a":0,"b":0.05,"c":0.28}}
