{"formula":"SimpleBranched","params":[0.8248254618322193,0.34060507319250277,-1.7728852340035965,-1.4087730672649252,-1.80444328513338,-0.929963385382301,-1.147142174810881,-0.21445226547026142,0.0949998332700388,0.24388400673451183],"ttl":151,"bounds":{"left":-8.2,"right":7.8,"top":-8,"bottom":8,"width":16,"height":16},"viewBounds":{"left":-6.476672783174005,"right":6.076672783174005,"top":-6.276672783174005,"bottom":6.276672783174005,"width":12.55334556634801,"height":12.55334556634801},"correction":{"enabled":true,"a":0.07,"b":0.27,"c":0.68}}
