{"formula":"Branched","params":[-1.7160761664852169,-0.47347278525907743,-1.2158470690551324,-0.4291551005915908,0.30788820538639694,-1.8793774350472834,-0.44955965033712086,-0.4390058677495263,0.47268036359994103,0.6560211884246525],"correction":{"enabled":true,"a":0,"b":0.12,"c":0.75}}
