{"formula":"SimpleBranched","params":[-1.1110148400137234,0.37339577291039294,1.2530733558568157,1.8106483189154323,0.70374895804148,-1.3191101972274621,-0.33631470186561696,-0.616520567944244,0.18304869565726967,0.2314041458857652],"ttl":319,"viewBounds":{"left":-4.3,"right":3.7,"top":-4.3,"bottom":3.7,"width":8,"height":8},"resetAT":[4,0,-2,0,4,-2],"correction":{"enabled":true,"a":0.08,"b":0.23,"c":0.88}}
