{"formula":"SimpleBranched","params":[-1.0779042285763465,1.0773576105795577,-0.5387760951107872,-0.4280734100766139,0.7459428732061895,1.89018306857409,1.2922079674237876,-0.9370711179483173,0.5371472980891143,0.30414503829057793],"ttl":151,"bounds":{"left":-2.82842712474619,"right":2.82842712474619,"top":-2.82842712474619,"bottom":2.82842712474619,"width":5.65685424949238,"height":5.65685424949238},"viewBounds":{"left":-3.02842712474619,"right":2.6284271247461897,"top":-3.42842712474619,"bottom":2.2284271247461898,"width":5.65685424949238,"height":5.65685424949238},"correction":{"enabled":false,"a":0.25,"b":0.5,"c":0.75}}
