{"formula":"SimpleBranched","params":[-0.2701280995335482,-0.4887776603022642,0.7307763206739484,1.788367037158113,0.1435516975038773,1.032295647724891,-1.5341295778475201,0.10418515118614469,0.23038781511049167,0.5289248359618128],"ttl":20,"bounds":{"left":-4,"right":4,"top":-4,"bottom":4,"width":8,"height":8},"viewBounds":{"left":-3.1383363915870026,"right":3.1383363915870026,"top":-3.1383363915870026,"bottom":3.1383363915870026,"width":6.276672783174005,"height":6.276672783174005},"correction":{"enabled":true,"a":0.05,"b":0.22,"c":0.55}}
