{"formula":"SimpleBranched","params":[-0.4428247096316369,0.7164300788303946,1.2562112058543233,-0.024860918190126924,0.4233684822415382,-1.6049103702722345,-0.32921919163204905,1.4976461159198768,0.2817512341749342,0.14795944237129288],"ttl":80,"bounds":{"left":-4,"right":4,"top":-4,"bottom":4,"width":8,"height":8},"viewBounds":{"left":-1,"right":3,"top":-1.4,"bottom":2.6,"width":4,"height":4},"correction":{"enabled":true,"a":0,"b":0.21,"c":0.77}}
