{"formula":"SimpleBranched","params":[0.5015676876837976,-0.6089325904896636,-1.2949830997231686,-0.6296012381675329,-1.1429824592553501,-1.4178108111525294,-1.1385508912054076,0.7987082640293695,0.20968934364950953,0.22589405727926115],"ttl":20,"viewBounds":{"left":-2.8284271247461903,"right":2.8284271247461903,"top":-2.4284271247461904,"bottom":3.22842712474619,"width":5.656854249492381,"height":5.656854249492381},"correction":{"enabled":true,"a":0.05,"b":0.17,"c":0.85}}
