{"formula":"SimpleBranched","params":[-0.7297751726985275,-0.2042289343160819,0.030545151561807593,-1.5188267895178535,1.2236889832423046,-1.781900712004366,0.2226161112371381,-0.33373117951523845,0.10266050742425814,0.23040183176155837],"ttl":55,"viewBounds":{"left":-1.4142135623730951,"right":1.4142135623730951,"top":-1.9142135623730951,"bottom":0.9142135623730951,"width":2.8284271247461903,"height":2.8284271247461903},"correction":{"enabled":true,"a":0.13,"b":0.34,"c":0.76}}
