{
  "formula": "Branched",
  "params": [
    -0.45159926232132497, 1.1656673127622907, 1.6301609311953493,
    0.1877463735499294, -0.08040184054675859, 1.1809560010008342,
    1.2587282094255574, 0.430195846788743, 0.20549977716994994,
    0.7073714854303556
  ],
  "ttl": 100,
  "bounds": {
    "left": -4,
    "right": 4,
    "top": -4,
    "bottom": 4,
    "width": 8,
    "height": 8
  },
  "viewBounds": {
    "left": -2.72842712474619,
    "right": 2.9284271247461904,
    "top": -2.62842712474619,
    "bottom": 3.0284271247461905,
    "width": 5.656854249492381,
    "height": 5.656854249492381
  },
  "preset": "Testing",
  "inverted": false,
  "correction": {
    "enabled": true,
    "a": 0.13,
    "b": 0.35000000000000003,
    "c": 0.8200000000000001
  }
}
