{"params":[0.11959726084023714,1.3663254491984844,-1.688777832314372,-0.6262595076113939,1.948424931615591,0.4162983288988471,1.3835376352071762,1.7622682517394423,0.00355683546513319],"correction":{"enabled":true,"a":0.24,"b":0.31,"c":0.88}}
