{"params":[-0.2782254656776786,0.3214549766853452,-0.6996101932600141,0.07378649432212114,-0.5270978277549148,1.390863535925746,0.29768651258200407,0.14595448970794678,0.09551389748230577],"correction":{"enabled":true,"a":0.19,"b":0.75,"c":1}}
