{"params":[-1.645404739305377,-1.6544530717656016,1.6995776053518057,-0.8463380448520184,-0.8207666948437691,0.20246114116162062,0.6643983451649547,0.845405301079154,0.040669039357453585],"correction":{"enabled":true,"a":0,"b":0.15,"c":0.58}}
