{"params":[1.8155564237385988,0.8502320218831301,0.20044931396842003,-1.7586571853607893,-1.5208843033760786,1.641828770749271,0.8477316796779633,1.7484907936304808,0.9115718309767544],"correction":{"enabled":true,"a":0.04,"b":0.68,"c":0.81}}
