{"params":[0.3715473171323538,-0.4214866515249014,0.8828446744009852,0.42348513007164,-1.7401339169591665,-0.4181670593097806,1.5836689630523324,1.492929995059967,0.07921306462958455],"correction":{"enabled":true,"a":0,"b":0.05,"c":0.28}}
