{"params":[0.5419016601517797,-0.773423102684319,-0.670523501932621,0.2871894296258688,-0.7509239101782441,-1.2977010635659099,1.8170651160180569,-1.0494770258665085,0.048797915456816554],"correction":{"enabled":true,"a":0.13,"b":0.38,"c":0.66}}
