{"params":[1.2159533984959126,1.6174030574038625,-1.3603415684774518,1.8074696687981486,-0.7077662320807576,-1.9155708439648151,-0.5142045505344868,0.9130185320973396,0.07950055017136037],"correction":{"enabled":true,"a":0,"b":0.25,"c":0.8200000000000001}}
