{"params":[0.22927428595721722,0.49008155334740877,-0.7547572301700711,-1.2640500562265515,-1.5427563218399882,1.6206598617136478,-1.1156266359612346,-1.5032066451385617,0.13752483762800694],"correction":{"enabled":true,"a":0,"b":0.86,"c":0}}
