{"params":[0.9719454254955053,-0.8323986968025565,-1.1612238520756364,1.7921713022515178,-0.710778346285224,-0.7297613881528378,0.4678450981155038,1.2743925526738167,0.11069483635947108],"correction":{"enabled":true,"a":0.03,"b":0.17,"c":0.72}}
