{"formula":"Blended","params":[-0.03985869858743296,-0.7784131001836263,1.4662584210260636,1.0446653700779773,0.754491676171348,0.2690666377843005,1.9511738010632786,0.05751185113897783,0.0018274222674512508,0.07656734484578442],"ttl":60,"viewBounds":{"left":-4,"right":4,"top":-4,"bottom":4,"width":8,"height":8},"resetAT":[16,0,-8,0,16,-8],"correction":{"enabled":false,"a":0.25,"b":0.5,"c":0.75}}
