{"params":[0.1451703729107976,-0.6458518942818046,0.27298140712082386,-0.794782442972064,-0.5612608660012484,0.9475501906126738,1.336529653519392,0.831146297045052,0.21465874509885907],"correction":{"enabled":true,"a":0,"b":0.21,"c":0.74}}
