{"params":[0.2864024518057704,-1.4820562647655606,1.3254112666472793,-1.1569959558546543,0.6462363228201866,-0.07688460499048233,-0.6069052433595061,1.3536252733319998,0.008805589051917195],"correction":{"enabled":true,"a":0,"b":0.16,"c":0.66}}
