{"params":[1.2260240502655506,-0.42376520205289125,0.5640044808387756,1.6019620215520263,0.7893280647695065,-1.2003479693084955,0.19070436526089907,-1.6127717038616538,0.04169076448306441],"correction":{"enabled":true,"a":0.03,"b":0.16,"c":0.58}}
