{"params":[1.3171021128073335,1.8113822974264622,-1.2310486640781164,-1.2176369158551097,-1.482942083850503,-0.005377962253987789,-0.3684604298323393,-1.7095216140151024,0.19879242684692144],"correction":{"enabled":true,"a":0.14,"b":0.34,"c":1}}
