{"params":[1.865176615305245,-0.43615835905075073,0.8387687709182501,1.3019466446712613,-0.5709653655067086,1.696541666984558,0.7339992811903358,-1.7098115356639028,0.7486615700181574],"correction":{"enabled":true,"a":0.04,"b":0.42,"c":0.91}}
