{"formula":"SimpleBranched","params":[-1.6367088136296424,1.651270447136877,1.9697586467279065,-0.2983767357009839,-0.06366731732894859,1.3887815731558844,-1.1115825948766203,0.2647977814157949,0.12325098840724613,0.0910900192457833],"ttl":500,"viewBounds":{"left":-4,"right":4,"top":-4,"bottom":4,"width":8,"height":8},"correction":{"enabled":false,"a":0.25,"b":0.5,"c":0.75}}
