{"formula":"SimpleBranched","params":[1.9631772056165584,0.5694709295914837,-0.10150006131783229,1.1031986181098725,1.6391445159919433,1.5716778848647017,0.9373973668606475,-0.34767274982502805,0.5347200953915794,0.8586203149362035],"ttl":60,"viewBounds":{"left":-4,"right":4,"top":-4.5,"bottom":3.5,"width":8,"height":8},"correction":{"enabled":true,"a":0.14,"b":0.37,"c":0.76}}
