{"formula":"SimpleBranched","params":[-1.672632765038605,-1.740759805927814,0.26172902246335195,1.9624145148982688,0.592860154132036,0.18882793198974035,0.9373331873669413,0.4369909231543829,0.242579653272599,0.4945470887172603],"ttl":208,"viewBounds":{"left":-3.7,"right":4.3,"top":-3.9,"bottom":4.1,"width":8,"height":8},"resetAT":[16,0,-8,0,16,-8],"correction":{"enabled":true,"a":0,"b":0.21,"c":0.6}}
