{"formula":"SimpleBlended","params":[1.2314811168021977, -1.0544599340576672, 0.9787050178571164, 0.8491946667285974, 0.19746139296763854, -1.584312073590434, -0.354123544412583, -0.35619021345386415, 0.0669313624739587, 0.7567782163805812],"correction":{"enabled":false,"a":0.25,"b":0.5,"c":0.75}}
