{"formula":"SimpleBlended","params":[1.6516147094660498,-1.0650147937355223,0.7086846132173665,-0.9713263766249804,0.29255104103983953,-1.1159940442120524,1.1020187664536758,0.20759582655890796,0.030085534133733383,0.835916843533157],"ttl":229,"viewBounds":{"left":-2.8284271247461903,"right":2.8284271247461903,"top":-2.8284271247461903,"bottom":2.8284271247461903,"width":5.656854249492381,"height":5.656854249492381},"correction":{"enabled":true,"a":0.1,"b":0.4,"c":0.8300000000000001}}
