{"formula":"SimpleBranched","params":[-0.4014200372621417,-0.5724395271390676,-0.5859324187040329,0.16450138296931982,0.0015945900231599808,-1.2051225798204541,-0.8835018640384078,-1.54602659214288,0.41118379146791995,0.39996010181494057],"ttl":20,"bounds":{"left":-2,"right":2,"top":-2,"bottom":2,"width":4,"height":4},"viewBounds":{"left":-2,"right":2,"top":-2,"bottom":2,"width":4,"height":4},"correction":{"enabled":false,"a":0.25,"b":0.5,"c":0.75}}
